机构原始名称,总频次,当前机构译名,当前机构标准名,高频国别提示,来源库分布,示例原始单位串1,示例原始单位串2,示例原始单位串3,机构国别对示例
Chevron Tech Ctr,34,奇埃维尔奥恩技术中心,奇埃维尔奥恩技术中心,United States:34,WOS:40,"[Apango, Fernando; Snedden, John W.] Univ Texas Austin, Inst Geophys, R2200 10100 Burnet Rd,JJ Pickle Res Campus, Austin, TX 78758 USA; [Daigle, Hugh] Univ Texas Austin, Hildebrand Dept Petr & Geosyst Engn, Austin, TX 78712 USA; [Yurchenko, Inessa A.] Univ Texas Austin, Bur Econ Geol, Austin, TX 78758 USA; [Apango, Fernando] Shell Explorat & Prod, 150 N Dairy Ashford Rd, Houston, TX 77079 USA; [Yurchenko, Inessa A.] Chevron Tech Ctr, 1500 Louisiana St, Houston, TX 77002 USA","[Katz, Barry Jay; Lin, Fang] Chevron Tech Ctr, Houston, TX 77002 USA","[Wang, Zhenzhen; He, Jincong; Wen, Xian-Huan] Chevron Tech Ctr, San Ramon, CA 94583 USA; [Milliken, William J.] Chevron Corp, San Ramon, CA USA",Chevron Tech Ctr@@United States || Shell Explorat & Prod@@United States || Univ Texas Austin@@United States || Chevron Tech Ctr@@United States || Chevron Corp@@United States || Chevron Tech Ctr@@United States
JARA ENERGY,33,杰阿尔阿能源,杰阿尔阿能源,Germany:33,WOS:34,"[Viell, Joern; Marks, Caroline] Rhein Westfal TH Aachen, Aachener Verfahrenstech Proc Syst Engn, D-52064 Aachen, Germany; [Viell, Joern] JARA ENERGY, Julich, Germany; [Inouye, Hideyo] Northeastern Univ, Coll Engn, Dept Elect & Comp Engn, Boston, MA 02115 USA; [Szekely, Noemi K.; Frielinghaus, Henrich] Forschungszentrum Julich GmbH, Outstat MLZ, Julich Ctr Neutron Sci, D-85747 Garching, Germany; [Wang, Yumei; Anders, Nico; Spiess, Antje C.] Rhein Westfal TH Aachen, Aachener Verfahrenstech Enzyme ","[Wang, Ganzhou; Mitsos, Alexander; Marquardt, Wolfgang] Rhein Westfal TH Aachen, Aachener Verfahrenstech Proc Syst Engn, D-52056 Aachen, Germany; [Mitsos, Alexander] JARA ENERGY, D-52056 Aachen, Germany","[Bongartz, Dominik; Mitsos, Alexander] Rhein Westfal TH Aachen, Proc Syst Engn AVT SVT, Forckenbeckstr 51, D-52074 Aachen, Germany; [Dore, Larissa; Hombach, Laura E.; Walther, Grit] Rhein Westfal TH Aachen, Chair Operat Management, Kackertstr 7, D-52072 Aachen, Germany; [Eichler, Katharina; Heuser, Benedikt; Pischinger, Stefan] Rhein Westfal TH Aachen, Inst Combust Engines VKA, Forckenbeckstr 4, D-52074 Aachen, Germany; [Grube, Thomas; Robinius, Martin; Stolten, Detlef] Forschungszentrum Julich,",DWI Leibniz Inst Interact Mat@@Germany || Forschungszentrum Julich GmbH@@Germany || JARA ENERGY@@Germany || Northeastern Univ@@United States || Rhein Westfal TH Aachen@@Germany || JARA ENERGY@@Germany || Rhein Westfal TH Aachen@@Germany || Forschungszentrum Julich@@Germany || JARA ENERGY@@Germany || Rhein Westfal TH Aachen@@Germany
Jiangsu Natl Synerget Innovat Ctr Adv Mat SICAM,33,江苏国家斯伊恩埃尔格埃特创新中心先进材料斯伊克阿姆,江苏国家斯伊恩埃尔格埃特创新中心先进材料斯伊克阿姆,China:33,WOS:152,"[Qin, Ju-Xiang; Tan, Peng; Jiang, Yao; Liu, Xiao-Qin; He, Qiu-Xia; Sun, Lin-Bing] Nanjing Tech Univ, Coll Chem & Chem Engn, Jiangsu Natl Synerget Innovat Ctr Adv Mat SICAM, State Key Lab Mat Oriented Chem Engn, Nanjing 210009, Peoples R China","[Li, Dongyan; Hu, Jian; Zhong, Zhaoxiang; Wang, Yong] Nanjing Tech Univ, Natl Engn Res Ctr Special Separat Membrane, Jiangsu Natl Synerget Innovat Ctr Adv Mat SICAM, Nanjing 210009, Jiangsu, Peoples R China; [Li, Dongyan] Nanjing Polytech Inst, Dept Chem Engn, Nanjing 210048, Jiangsu, Peoples R China; [Low, Ze-Xian] Univ Bath, Dept Chem Engn, Ctr Adv Separat Engn, Claverton Down Rd, Bath BA2 7AY, North East Some, England","[Song, Xiaogang; Huang, He] Nanjing Tech Univ, Coll Biotechnol & Pharmaceut Engn, Nanjing 210009, Jiangsu, Peoples R China; [Tang, Susu] Nanjing Tech Univ, Jiangsu Natl Synerget Innovat Ctr Adv Mat SICAM, Nanjing 210009, Jiangsu, Peoples R China; [Jiang, Ling] Nanjing Tech Univ, Coll Food Sci & Light Ind, Nanjing 210009, Jiangsu, Peoples R China; [Zhu, Liying] Nanjing Tech Univ, Coll Chem & Mol Engn, Nanjing 210009, Jiangsu, Peoples R China",Nanjing Tech Univ@@China || Nanjing Polytech Inst@@China || Nanjing Tech Univ@@China || Univ Bath@@United Kingdom || Nanjing Tech Univ NanjingTech@@China || Nara Womens Univ@@Japan
Shenzhen Branch,33,什埃恩兹赫埃恩分院,什埃恩兹赫埃恩分院,China:33,CSCD:188 | CNKI|CSCD:93 | WOS:90 | WOS|CSCD:1 | CNKI:1,中海油深圳分公司;,"[Guo, Xiaowen; He, Sheng] China Univ Geosci, Minist Educ, Key Lab Tecton & Petr Resources, Wuhan 430074, Peoples R China; [Guo, Xiaowen; Cao, Feng] PetroChina Explorat & Dev Res Inst, Beijing 100083, Peoples R China; [Shi, Hesheng; Zhu, Junzhang] CNOOC Shenzhen Branch, Guangzhou 510240, Guangdong, Peoples R China","Ouyang Chuanxiang, Yangtze University, Jingzhou, Hubei 434023, China.; Ma Cheng, Yangtze University, Jingzhou, Hubei 434023, China.; Lv Lu, Yangtze University, Jingzhou, Hubei 434023, China.; Tang Haixiong, Shenzhen Branch of CNOOC Ltd., Shenzhen, Guangdong 518067, China.; Wang Yuezeng, Shenzhen Branch of CNOOC Ltd., Shenzhen, Guangdong 518067, China.",Shenzhen Branch of CNOOC@@China || 中海油深圳分公司@@China || CNOOC Shenzhen Branch@@China || China Univ Geosci@@China || PetroChina Explorat & Dev Res Inst@@China || Shenzhen Branch of CNOOC Ltd@@China || Yangtze University@@China
Department of Petroleum Engineering,32,系石油工程,系石油工程,China:32,CSCD:75 | CNKI:4 | CNKI|CSCD:3,"Zhang Hui, Department of Petroleum Engineering, University of Petroleum, Beijing 102249, China.; Gao Deli, Department of Petroleum Engineering, University of Petroleum, Beijing 102249, China.; Liu Tao, Department of Petroleum Engineering, University of Petroleum, Beijing 102249, China.; Tang Haixiong, CNOOC Shenzhen Branch, Shenzhen, Guangdong 518067, China.","Liu Zhisen, Department of Petroleum Engineering,Yangtze University, Jingzhou, Hubei 434023, China.; Jiang Houshun, Department of Petroleum Engineering,Yangtze University, Jingzhou, Hubei 434023, China.","Sarvestani Mohammad Taghizadeh, Department of Petroleum Engineering, Amirkabir University of Technology, Tehran, Iran.; Sola Behnam Sedaee, Institute of Petroleum Engineering, University of Tehran, Tehran, Iran.; Rashidi Fariborz, Department of Chemical Engineering, Amirkabir University of Technology, Tehran, Iran.",CNOOC Shenzhen Branch@@China || University of Petroleum@@China || Yangtze University@@China || Amirkabir University of Technology@@China || Institute of Petroleum Engineering@@China
Agr & Agri Food Canada,31,农业阿格拉伊弗乌德加拿大,农业阿格拉伊弗乌德加拿大,Canada:31,WOS:31,"[Ciftci, Ozan Nazim; Przybylski, Roman] Univ Lethbridge, Dept Chem & Biochem, Lethbridge, AB T1K 3M4, Canada; [Rudzinska, Magdalena] Poznan Univ Life Sci, Fac Food Sci & Nutr, PL-60624 Poznan, Poland; [Acharya, Surya] Agr & Agri Food Canada, Lethbridge Res Stn, Lethbridge, AB T1J 4B1, Canada","[Wu, Dongliang; Ma, Xiaofei] Tianjin Univ, Sch Sci, Dept Chem, Tianjin 300072, Peoples R China; [Zheng, Pengwu] Jiangxi Sci & Technol Normal Univ, Sch Pharm, Nanchang 330013, Jiangxi, Peoples R China; [Chang, Peter R.] Agr & Agri Food Canada, Bioprod & Bioproc Natl Sci Program, Saskatoon, SK S7N 0X2, Canada","[Mossoba, M. M.; Seiler, A.] Food & Drug Adm, Ctr Food Safety & Appl Nutr, College Pk, MD 20740 USA; [Seiler, A.; Steinhart, H.] Univ Hamburg, Hamburg, Germany; [Kramer, J. K. G.] Agr & Agri Food Canada, Guelph, ON, Canada; [Rodrigues-Saona, L.] Ohio State Univ, Columbus, OH 43210 USA; [Griffith, A. P.; Pierceall, R.] Archer Daniels Midland Co, Decatur, IL USA; [van de Voort, F. R.; Sedman, J.; Ismail, A. A.] McGill Univ, Ste Anne De Bellevue, PQ, Canada; [Barr, D.] Deakin Univ, Burwood, Vic, Au",Agr & Agri Food Canada@@Canada || Poznan Univ Life Sci@@Poland || Univ Lethbridge@@Canada || Agr & Agri Food Canada@@Canada || Jiangxi Sci & Technol Normal Univ@@China || Tianjin Univ@@China || Agr & Agri Food Canada@@Canada || Archer Daniels Midland Co@@United States || Bruker Opt China@@China || Bruker Opt@@United States || Deakin Univ@@Australia || Food & Drug Adm@@United States || McGill Univ@@Canada || Nestle Res Ctr@@Switzerland || Ohio State Univ@@United States || Thermo Elect@@United States || Univ Hamburg@@Germany
China Coal Technol & Engn Grp,31,中国克奥勒技术工程格拉普,中国克奥勒技术工程格拉普,China:31,WOS:132 | WOS|CSCD:2,"[Song Yan; Liu Shaobo; Zhao Mengjun; Hong Feng] Res Inst Petr Explorat & Dev, Beijing 100083, Peoples R China; [Song Yan] China Univ Petr, Beijing 102249, Peoples R China; [Zhang Qun] Xian Res Inst China Coal Technol & Engn Grp Corp, Xian 710077, Shaanxi, Peoples R China; [Tao Mingxin] Beijing Normal Univ, Beijing 100875, Peoples R China","[Pan Baozhi; Li Ding; Chen Gang; Liu Sihui] Jilin Univ, Coll Geoexplorat Sci & Technol, Changchun 130026, Jilin, Peoples R China; [Wang Qincong; Ma Lixin] China Coal Technol & Engn Grp Corp, Xian Res Inst, Xian 710077, Shaanxi, Peoples R China; Northwest Oil & Gas Branch Sinopec, Urumqi 830011, Xinjiang, Peoples R China","[Wang, Qianqian; Zhang, Dengfeng; Wang, Haohao; Yang, Jin; Huo, Peili] Kunming Univ Sci & Technol, Fac Chem Engn, Kunming 650500, Peoples R China; [Jiang, Wenping; Wu, Xiuping] China Coal Technol & Engn Grp Corp, Xian Res Inst, Xian 710077, Peoples R China",Beijing Normal Univ@@China || Beijing Normal University@@China || China Univ Petr@@China || Res Inst Petr Explorat & Dev@@China || Research Institute of Petroleum Exploration & Development@@China || Xian Res Inst China Coal Technol & Engn Grp Corp@@China || Xian Research Institute of China Coal Technology & Engineering Group Corp@@China || China Coal Technol & Engn Grp Corp@@China || Jilin Univ@@China || Jilin University@@China || Northwest Oil & Gas Branch Sinopec@@China || Xi'an Research Institute of China Coal Technology &Engineering Group Corp@@China || China Coal Technol & Engn Grp Corp@@China || Kunming Univ Sci & Technol@@China
GRI,31,格拉伊,格拉伊,China:31,WOS:77 | CSCD:56 | CNKI|CSCD:10,"[Martin del Campo, Eduardo; Romero, Rubi; Natividad, Reyna] Univ Autonoma Estado Mexico, Ctr Conjunto Invest Quim Sustentable, Fac Quim, Tolucaatlacomulco, Mexico; [Sanchez Valente, Jaime] Inst Mexicano Petr, Mexico City 07730, DF, Mexico; [Pavon, Thelma] Univ Autonoma Estado Mexico, Fac Quim, Toluca 50120, Estado Mexico, Mexico; [Mantilla, Angeles] CICATA LEGRIA, Inst Politecn Nacl, Mexico City 11500, DF, Mexico","Lu Daolin, State Key Laboratory of Petroleum Resource and Prospecting; College of Geophysics and Information Engineering in (Beijing)China University of Petroleum, Beijing 102249, China.; Di Bangrang, State Key Laboratory of Petroleum Resource and Prospecting; College of Geophysics and Information Engineering in (Beijing)China University of Petroleum, Beijing 102249, China.; Li Xiangyang, State Key Laboratory of Petroleum Resource and Prospecting; College of Geophysics and Information Engineerin","[McEniry, Joseph; O'Kiely, Padraig; Crosson, Paul] TEAGASC, AGRIC, Dunsany, Co Meath, Ireland; [Groom, Elaine] Queens Univ Belfast, QUESTOR Ctr, Belfast BT7 1NN, Antrim, North Ireland; [Groom, Elaine] Queens Univ Belfast, Sch Chem & Chem Engn, Belfast BT7 1NN, Antrim, North Ireland; [Murphy, Jerry D.] Univ Coll Cork, Cork, Ireland",CICATA LEGRIA@@Mexico || Inst Mexicano Petr@@Mexico || Univ Autonoma Estado Mexico@@Mexico || College of Geophysics and Information Engineering in (Beijing)China University of Petroleum@@China || GRI of Jilin Oilfield Company@@China || Hebei Zhuozhou Tenglongruibang Energy Technology Development Coporation Limited@@China || Queens Univ Belfast@@Ireland || TEAGASC@@Ireland || Univ Coll Cork@@Ireland
Nucl Mat Author,31,恩乌克勒材料奥斯奥尔,恩乌克勒材料奥斯奥尔,Egypt:31,WOS:32,"[Elawadi, Eslam; Mogren, Saad; Ibrahim, Elkhedr; Batayneh, Awni; Al-Bassam, Abdulaziz] King Saud Univ, Dept Geol & Geophys, Riyadh, Saudi Arabia; [Elawadi, Eslam] Nucl Mat Author, Cairo, Egypt; [Ibrahim, Elkhedr] Mansoura Univ, Dept Earth Sci, Fac Sci, Mansoura, Egypt","[Galhoum, Ahmed A.; Mahfouz, Mohammad G.; Gomaa, Nabawia A.] Nucl Mat Author, Cairo, Egypt; [Galhoum, Ahmed A.; Vincent, Thierry; Guibal, Eric] Ctr Mat Mines Ales, Ecole Mines Ales, F-30100 Ales, France; [Atia, Asem A.] Menoufia Univ, Fac Sci, Dept Chem, Shibin Al Kawm, Egypt; [Abdel-Rehem, Sayed T.] Ain Shams Univ, Fac Sci, Dept Chem, Cairo 11566, Egypt","[Mahfouz, Mohammad G.; Galhoum, Ahmed A.; Gomaa, Nabawia A.] Nucl Mat Author, Cairo, Egypt; [Galhoum, Ahmed A.; Vincent, Thierry; Guibal, Eric] Ecole Mines Ales, Ctr Mat Mines Ales, Ales, France; [Abdel-Rehem, Sayed S.] Ain Shams Univ, Fac Sci, Dept Chem, Cairo, Egypt; [Atia, Asem A.] Menoufia Univ, Fac Sci, Dept Chem, Menoufia, Egypt",King Saud Univ@@Saudi Arabia || Mansoura Univ@@Egypt || Nucl Mat Author@@Egypt || Ain Shams Univ@@Egypt || Ctr Mat Mines Ales@@France || Menoufia Univ@@Egypt || Nucl Mat Author@@Egypt || Ain Shams Univ@@Egypt || Ecole Mines Ales@@France || Menoufia Univ@@Egypt || Nucl Mat Author@@Egypt
Minist Def Russian Federat,30,姆伊恩伊斯特尔伊德埃弗尔乌斯斯亚恩弗埃德埃尔阿特,姆伊恩伊斯特尔伊德埃弗尔乌斯斯亚恩弗埃德埃尔阿特,Russia:30,WOS:33,"[Zolotov, A. V.; Kuz'mina, G. N.; Parenago, O. P.] Russian Acad Sci, AV Topchiev Petrochem Synth Inst, Moscow, Russia; [Zolotov, V. A.; Bartko, R. V.; Sipatrov, A. G.] Minist Def Russian Federat, State Res Inst Chemmotol 25, Moscow, Russia","[Ostrovskaya, V. M.] Minist Def Russian Federat, Fed Aviat Adm, State Sci Res Inst Chemmotol 25, Moscow, Russia; Russian Acad Sci, NS Kurnakov Gen & Inorgan Chem Inst, Moscow 117901, Russia; Russian Acad Sci, AN Frumkin Inst Phys Chem & Electrochem, Moscow 117901, Russia","Minist Def Russian Federat, State Res Inst 25, Moscow, Russia",Minist Def Russian Federat@@Russia || Russian Acad Sci@@Russia || Minist Def Russian Federat@@Russia || Minist Def Russian Federation@@Russia
Minist Emergency Management,30,姆伊恩伊斯特尔伊埃姆埃尔格埃恩克伊姆阿恩阿格埃姆埃恩特,姆伊恩伊斯特尔伊埃姆埃尔格埃恩克伊姆阿恩阿格埃姆埃恩特,China:30,WOS:41,"[Zhang, Junheng; Mi, Xiaoqian; Chen, Shiyuan; Xu, Zejun; Zhang, Daohong] South Cent Univ Nationalities, Minist Educ, Key Lab Catalysis & Energy Mat Chem, Wuhan 430074, Hubei, Peoples R China; [Zhang, Junheng; Mi, Xiaoqian; Chen, Shiyuan; Xu, Zejun; Zhang, Daohong] South Cent Univ Nationalities, Hubei Key Lab Catalysis & Mat Sci, Wuhan 430074, Hubei, Peoples R China; [Miao, Menghe] CSIRO Mfg, 75 Pigdons Rd, Waurn Ponds, Vic 3216, Australia; [Wang, Junsheng] Tianjin Fire Res Inst, Minist Emergency","[Yang, Chengwei; Wang, Chenghu; Li, Yujiang] Minist Emergency Management China, Natl Inst Nat Hazards, Beijing 100085, Peoples R China; [Jiao, Mingruo] Liaoning Earthquake Agcy, Shenyang 110031, Liaoning, Peoples R China; [Li, Yujiang] Tianjin Univ, Sch Civil Engn, Tianjin 300072, Peoples R China","[Nie, Baisheng; Zhao, Dan; Kong, Fanbei] China Univ Min & Technol Beijing, State Key Lab Coal Resource & Safe Min, Beijing 100083, Peoples R China; [Nie, Baisheng; Zhao, Dan; Kong, Fanbei] China Univ Min & Technol Beijing, Sch Emergency Management & Safety Engn, Beijing 100083, Peoples R China; [He, Xueqiu] Univ Sci & Technol Beijing, Sch Civil & Resources Engn, Beijing 100083, Peoples R China; [Nie, Baisheng; Zhang, Hao; Liu, Xianfeng; Deng, Bozhi] Chongqing Univ, State Key Lab Coal Mine Disast",CSIRO Mfg@@Australia || South Cent Univ Nationalities@@China || Tianjin Fire Res Inst@@China || Liaoning Earthquake Agcy@@China || Minist Emergency Management China@@China || Tianjin Univ@@China || China Univ Min & Technol Beijing@@China || Chongqing Univ@@China || Minist Emergency Management PRC@@China || Univ Sci & Technol Beijing@@China
SAIT Polytech,30,斯艾特理工,斯艾特理工,Canada:30,WOS:30,"[You, H.] SAIT Polytech, Calgary, AB T2K5C4, Canada; [Lu, H.] Liaoning Shihua Univ, Fushun, Liaoning, Peoples R China","[Lu, H.] Liaoning Shihua Univ, Fushun, Liaoning, Peoples R China; [You, H.] SAIT Polytech, Calgary, AB, Canada","[Kang, X.; Guo, X.] Chinese Peoples Armed Police Forces Acad, Langfang, Hebei, Peoples R China; [You, H.] SAIT Polytech, Calgary, AB, Canada",Liaoning Shihua Univ@@China || SAIT Polytech@@Canada || Chinese Peoples Armed Police Forces Acad@@China || SAIT Polytech@@Canada || SAIT Polytech@@Canada
Yanshan Branch,30,伊阿恩什阿恩分院,伊阿恩什阿恩分院,China:30,CSCD:42 | WOS:12 | CNKI|CSCD:6 | CNKI:1,"Shang Yimei, State Key Laboratory of Chemical Resource Engineering, Beijing University of Chemical Technology, Beijing 100029, China.; Li Jianwei, State Key Laboratory of Chemical Resource Engineering, Beijing University of Chemical Technology, Beijing 100029, China.; Chai Zhongyi, Yanshan Branch, SINOPEC Beijing Research Institute of Chemistry, Beijing 102500, China.; Ji Yuguo, Yanshan Branch, SINOPEC Beijing Research Institute of Chemistry, Beijing 102500, China.; Li Tonglin, Yanshan Branch, S","Zhao Xia, Yanshan Branch, SINOPEC Beijing Research Institute of Chemical Industry, Beijing 102500, China.; Liu Hongmei, Yanshan Branch, SINOPEC Beijing Research Institute of Chemical Industry, Beijing 102500, China.; Bu Shaohua, Yanshan Branch, SINOPEC Beijing Research Institute of Chemical Industry, Beijing 102500, China.; Xu Guangtong, Research Institute of Petroleum Processing, SINOPEC.",中国石化北京北化院燕山分院;,Beijing University of Chemical Technology@@China || Yanshan Branch@@China || Research Institute of Petroleum Processing@@China || Yanshan Branch@@China || Yanshan Branch@@China || 中国石化北京北化院燕山分院@@China
Indian Inst Engn Sci & Technol,29,伊恩德亚恩研究所工程科学技术,伊恩德亚恩研究所工程科学技术,India:29,WOS:32,"[Sengupta, Avery; Bhattacharyya, Dipak K.] Indian Inst Engn Sci & Technol, Shibpur, Sch Community Sci & Technol, Howrah 711103, India; [Ghosh, Mahua] Univ Calcutta, Dept Chem Technol, Kolkata 700073, W Bengal, India","[Bandyopadhyay, Poonam; Dey, Anindita; Das, Sukhen] Jadavpur Univ, Dept Phys, Raja SC Mallik Rd, Kolkata 700032, India; [Basu, Ruma] Jogamaya Devi Coll, Dept Phys, Kolkata, India; [Basu, Ruma; Nandy, Papiya; Das, Sukhen] Ctr Interdisciplinary Res & Educ, Kolkata, India; [Das, Sukhen] Indian Inst Engn Sci & Technol, Howrah, India","[Bandyopadhyay, Poonam; Chakraborty, Sweta; Basu, Ruma; Das, Sukhen; Bhar, Durga Shankar; Nandy, Papiya] Ctr Interdisciplinary Res & Educ, 404 B Jodhpur Pk, Kolkata 700068, India; [Bandyopadhyay, Poonam; Chakraborty, Sweta; Das, Sukhen] Jadavpur Univ, Dept Phys, Kolkata, India; [Basu, Ruma] Jogamaya Devi Coll, Dept Phys, Kolkata, India; [Das, Sukhen] Indian Inst Engn Sci & Technol, Sibpur, India; [Manchanda, Rajkumar; Khurana, Anil Kumar; Nayak, Debadutta] Cent Council Res Homeopathy, New Delhi,",Indian Inst Engn Sci & Technol@@India || Univ Calcutta@@India || Ctr Interdisciplinary Res & Educ@@India || Indian Inst Engn Sci & Technol@@India || Jadavpur Univ@@India || Jogamaya Devi Coll@@India || Cent Council Res Homeopathy@@India || Ctr Interdisciplinary Res & Educ@@India || Indian Inst Engn Sci & Technol@@India || Jadavpur Univ@@India || Jogamaya Devi Coll@@India
CSTJF,28,克斯特杰弗,克斯特杰弗,France:28,WOS:94,"[Deville de Periere, Matthieu; Durlet, Christophe; Vennin, Emmanuelle; Bourillot, Raphael] Univ Bourgogne, CNRS, UMR Biogeosci 5561, F-21000 Dijon, France; [Lambert, Laurent; Caline, Bruno; Poli, Emmanuelle] Total CSTJF, F-64000 Pau, France; [Bourillot, Raphael] Univ Bordeaux 3, Inst EGID, F-33607 Pessac, France","[Serres-Piole, Coralie; Lobinski, Ryszard; Preud'homme, Hugues] Univ Pau & Pays Adour, Lab Analyt Bioinorgan & Environm Chem LCABlE, Ctr Natl Rech Sci, UMR 5254, F-64053 Pau, France; [Serres-Piole, Coralie; Commarieu, Annie] TOTAL Explorat & Prod E&P, Ctr Sci & Tech Jean Feger CSTJF, F-64018 Pau, France; [Garraud, Herve] Soc Bearnaise Gest Ind SOBEGI, F-64170 Lacq, France","[Duchateau, Christophe; Dicharry, Christophe] Univ Pau & Pays Adour, Lab Fluides Complexes & Leurs Reservoirs, UMR TOTAL CNRS 5150, F-64013 Pau, France; [Pou, Tong-Eak; Hidalgo, Manuel] CRRA, F-69493 Pierre Benite, France; [Glenat, Philippe] Total CSTJF, F-64018 Pau, France",Total CSTJF@@France || Univ Bordeaux 3@@France || Univ Bourgogne@@France || Soc Bearnaise Gest Ind SOBEGI@@France || TOTAL Explorat & Prod E&P@@France || Univ Pau & Pays Adour@@France || CRRA@@France || Total CSTJF@@France || Univ Pau & Pays Adour@@France
King Abdulaziz City Sci & Technol,28,克伊恩阿布德乌勒阿兹伊兹克伊特伊科学技术,克伊恩阿布德乌勒阿兹伊兹克伊特伊科学技术,Saudi Arabia:28,WOS:35,"[Alquriaishi, A. A.] King Abdulaziz City Sci & Technol, Petr & Nat Gas Res Inst, Riyadh 11442, Saudi Arabia; [Shokir, E. M. El-M.] King Saud Univ, Coll Engn, Petr & Nat Gas Engn Dept, Riyadh, Saudi Arabia","[Pazuki, G. R.] Malek Ashtar Univ Technol, Dept Biochem Engn, Tehran, Iran; [Al-Anazi, B. Duraya] King Abdulaziz City Sci & Technol, Oil & Gas Ctr, Riyadh, Saudi Arabia; [Nikookar, M.] IOR Res Inst, NIOC R&D, Tehran, Iran; [Al-Anazi, A. Fannoush] Saudi Aramco, Dhahran, Saudi Arabia","[Liu, Bonan; Zong, Qiuyun] Qindao Lianxin Chem, Qingdao, Shandong, Peoples R China; [Liu, Bonan; Edwards, Peter P.; Zou, Fei; Du, Xian; Jiang, Zheng; Xiao, Tiancun] Univ Oxford, Inorgan Chem Lab, Oxford OX1 3QR, England; [Xiao, Tiancun] Guangzhou Boxenergy Technol Ltd, Guangzhou, Guangdong, Peoples R China; [AlMegren, Hamid] King Abdulaziz City Sci & Technol, Petrochem Res Inst, Riyadh 11442, Saudi Arabia",King Abdulaziz City Sci & Technol@@Saudi Arabia || King Saud Univ@@Saudi Arabia || IOR Res Inst@@Iran || King Abdulaziz City Sci & Technol@@Saudi Arabia || Malek Ashtar Univ Technol@@Iran || Saudi Aramco@@Saudi Arabia || Guangzhou Boxenergy Technol Ltd@@China || King Abdulaziz City Sci & Technol@@Saudi Arabia || Qindao Lianxin Chem@@China || Univ Oxford@@United Kingdom
UNL CONICET,28,乌恩勒克奥恩伊克埃特,乌恩勒克奥恩伊克埃特,Argentina:28,WOS:58,"[Cafaro, Diego C.; Cerda, Jaime] INTEC UNL CONICET, RA-3000 Santa Fe, Argentina","[Gilbert, William R.; Morgado, Edisson, Jr.; de Abreu, Marco A. S.] PETROBRAS SA CENPES, Ctr Res & Dev, BR-21941915 Rio De Janeiro, Brazil; [de la Puente, Gabriela; Passamonti, Francisco; Sedran, Ulises] UNL CONICET, FIQ, Inst Invest Catalisis & Petroquim INCAPE, RA-3000 Santa Fe, Argentina","[Del Rio, Daniel; Rey, Marilin; Sedran, Ulises; de la Puente, Gabriela] INCAPE FIQ UNL CONICET, Inst Invest Catalisis & Petroquim, RA-2654 Santiago Del Estero, Santa Fe, Argentina",INTEC UNL CONICET@@Argentina || PETROBRAS SA CENPES@@Brazil || UNL CONICET@@Argentina || INCAPE FIQ UNL CONICET@@Argentina
Natl Sci & Technol Dev Agcy,27,国家科学技术德埃维阿格克伊,国家科学技术德埃维阿格克伊,Thailand:27,WOS:66,"[Viriya-empikul, N.; Nualpaeng, W.; Faungnawakij, K.] Natl Sci & Technol Dev Agcy, Natl Nanotechnol Ctr NANOTEC, Klong Laung 12120, Pathumthani, Thailand; [Krasae, P.; Yoosuk, B.] Natl Sci & Technol Dev Agcy, Natl Met & Mat Technol Ctr MTEC, Klong Laung 12120, Pathumthani, Thailand","[Tantirungrotechai, Jonggol; Thepwatee, Sukanya] Mahidol Univ, Ctr Catalysis, Dept Chem, Bangkok 10400, Thailand; [Tantirungrotechai, Jonggol; Thepwatee, Sukanya] Mahidol Univ, Ctr Excellence Innovat Chem, Fac Sci, Bangkok 10400, Thailand; [Yoosuk, Boonyawan] Natl Sci & Technol Dev Agcy, Natl Met & Mat Technol Ctr MTEC, Pathum Thani 12120, Thailand","[Nualpaeng, Waraporn; Tongprem, Pornsiri; Keawmesri, Rungnapa; Viriya-empikul, Nawin; Faungnawakij, Kajornsak] Natl Sci & Technol Dev Agcy, Natl Nanotechnol Ctr NANOTEC, Nanomat Energy & Catalysis Lab, Pathum Thani 12120, Thailand",Natl Sci & Technol Dev Agcy@@Thailand || Mahidol Univ@@Thailand || Natl Sci & Technol Dev Agcy@@Thailand || Mae Fah Luang Univ@@Thailand || Natl Sci & Technol Dev Agcy@@Thailand
Brazilian Ctr Res Energy & Mat CNPEM,26,布拉阿兹伊勒亚恩中心研究能源材料克恩普埃姆,布拉阿兹伊勒亚恩中心研究能源材料克恩普埃姆,Brazil:26,WOS:26,"[Moraes, Bruna S.; Junqueira, Tassia L.; Pavanello, Lucas G.; Cavalett, Otavio; Mantelatto, Paulo E.; Bonomi, Antonio] Brazilian Ctr Res Energy & Mat CNPEM, Brazilian Bioethanol Sci & Technol Lab CTBE, BR-13083970 Campinas, SP, Brazil; [Zaiat, Marcelo] Univ Sao Paulo, Sao Carlos Engn Sch EESC, Ctr Res Dev & Innovat Environm Engn CPDI EA, Biol Proc Lab LPB, BR-13563120 Sao Carlos, SP, Brazil","[Pereira, L. G.; Maciel Filho, R.; Bonomi, A.] Brazilian Ctr Res Energy & Mat CNPEM, Brazilian Bioethanol Sci & Technol Lab CTBE, BR-13083970 Campinas, SP, Brazil; [Dias, M. O. S.] Fed Univ Sao Paulo ICT UNIFESP, Inst Sci & Technol, Sao Jose Dos Campos, SP, Brazil; [Mariano, A. P.; Maciel Filho, R.; Bonomi, A.] Univ Campinas UN1CAMP, Sch Chem Engn, Campinas, SP, Brazil","[Pereira, Lucas G.] Brazilian Ctr Res Energy & Mat CNPEM, Brazilian Bioethanol Sci & Technol Lab CTBE, BR-13083970 Sao Paulo, Brazil; [Pereira, Lucas G.; MacLean, Heather L.] Univ Toronto, Dept Civil Engn, Toronto, ON, Canada; [Saville, Brad A.] Univ Toronto, Dept Chem Engn & Appl Chem, Toronto, ON, Canada",Brazilian Ctr Res Energy & Mat CNPEM@@Brazil || Univ Sao Paulo@@Brazil || Brazilian Ctr Res Energy & Mat CNPEM@@Brazil || Fed Univ Sao Paulo ICT UNIFESP@@Brazil || Univ Campinas UN1CAMP@@Brazil || Brazilian Ctr Res Energy & Mat CNPEM@@Brazil || Univ Toronto@@Canada
German Aerosp Ctr,26,格埃尔姆阿恩航空航天中心,格埃尔姆阿恩航空航天中心,Germany:26,WOS:147,"German Aerosp Ctr DLR, Inst Tech Thermodynam, D-51147 Cologne, Germany","[Gruetzner, C.] Rhein Westfal TH Aachen, Neotecton & Nat Hazards Grp, D-52064 Aachen, Germany; [Bemmann, J.; Reichert, S.] Univ Bonn, D-53113 Bonn, Germany; [Berking, J.; Klinger, R.] Free Univ Berlin, Dept Earth Sci, D-12249 Berlin, Germany; [Frechen, M.; Schuett, B.] Leibniz Inst Angew Geophys, D-30655 Hannover, Germany; [Klitzsch, N.] Rhein Westfal TH Aachen, Inst Appl Geophys & Geothermal Energy, D-52074 Aachen, Germany; [Linzen, S.; Schneider, M.] IPHT Jena, D-07745 Jena, Germany; [Oczipka,","[Bertei, A.; Nicolella, C.] Univ Pisa, Dept Chem Engn, I-56126 Pisa, Italy; [Thorel, A. S.] Mines Paris Tech, UMR CNRS 7633, Ctr Mat, F-91003 Evry, France; [Bessler, W. G.] Inst Tech Thermodynam, German Aerosp Ctr DLR, D-70569 Stuttgart, Germany; [Bessler, W. G.] Univ Stuttgart, Inst Thermodynam & Thermal Engn, D-70550 Stuttgart, Germany",German Aerosp Ctr DLR@@Germany || Ernst Moritz Arndt Univ Greifswald@@Germany || Free Univ Berlin@@Germany || German Aerosp Ctr DLR@@Germany || IPHT Jena@@Germany || Leibniz Inst Angew Geophys@@Germany || Rhein Westfal TH Aachen@@Germany || Univ Bonn@@Germany || Inst Tech Thermodynam@@Germany || Mines Paris Tech@@France || Univ Pisa@@Italy || Univ Stuttgart@@Germany
Spallat Neutron Source Sci Ctr,26,斯普阿勒勒阿特恩埃乌特拉奥恩斯欧尔克埃科学中心,斯普阿勒勒阿特恩埃乌特拉奥恩斯欧尔克埃科学中心,China:26,WOS:28,"[Shu, Riyang; Li, Rongxuan; Wang, Chao; Chen, Ying] Guangdong Univ Technol, Sch Mat & Energy, Guangdong Prov Key Lab Funct Soft Condensed Matte, Guangzhou 510006, Peoples R China; [Liu, Yong] Univ New Hampshire, Dept Chem Engn, Durham, NH 03824 USA; [Liu, Peng-Fei] Chinese Acad Sci, Inst High Energy Phys, Beijing 100049, Peoples R China; [Liu, Peng-Fei] Spallat Neutron Source Sci Ctr, Dongguan 523803, Peoples R China","[Li, Rongxuan; Qiu, Jiajian; Chen, Hongquan; Shu, Riyang; Chen, Ying] Guangdong Univ Technol, Sch Mat & Energy, Guangdong Prov Key Lab Funct Soft Condensed Matte, Guangzhou 510006, Peoples R China; [Liu, Yong] Univ New Hampshire, Dept Chem Engn, Durham, NH 03824 USA; [Liu, Peng-Fei] Chinese Acad Sci, Inst High Energy Phys, Beijing 100049, Peoples R China; [Liu, Peng-Fei] Spallat Neutron Source Sci Ctr, Dongguan 523803, Peoples R China","[Liu, Jun; Wang, Tao; Yang, Jing; Zhang, Yongsheng; Pan, Wei-Ping] North China Elect Power Univ, Minist Educ, Key Lab Power Stn Energy Transfer Convers & Syst, Beijing 102206, Peoples R China; [Shi, Nan] Saudi Aramco, EXPEC ARC, Dhahran, Saudi Arabia; [Liu, Peng -Fei] Chinese Acad Sci, Inst High Energy Phys, Spallat Neutron Source Sci Ctr, Dongguan 523803, Peoples R China",Chinese Acad Sci@@China || Guangdong Univ Technol@@China || Spallat Neutron Source Sci Ctr@@China || Univ New Hampshire@@United States || Chinese Acad Sci@@China || North China Elect Power Univ@@China || Saudi Aramco@@Saudi Arabia || Chinese Acad Sci@@China || Tsinghua Univ@@China
Zhejiang Prov Innovat Ctr Adv Text Technol,26,浙江省创新中心先进特埃克斯特技术,浙江省创新中心先进特埃克斯特技术,China:26,WOS:27,"[Man, Zengming; Zhu, Xiaolin; Ye, Siyuan; Wu, Guan] Zhejiang Sci tech Univ, Natl Engn Lab Text Fiber Mat & Proc Technol, Sch Mat Sci & Engn, Hangzhou 312000, Zhejiang, Peoples R China; [Man, Zengming; Zhu, Xiaolin; Ye, Siyuan; Wu, Guan] Zhejiang Prov Innovat Ctr Adv Text Technol, Zhejiang312000, Shaoxing, Peoples R China; [Bao, Ningzhong] Nanjing Tech Univ, Coll Chem Engn, State Key Lab Mat Oriented Chem Engn, Nanjing 210009, Jiangsu, Peoples R China","[Li, Maoxin; Chen, Wenyan; Chen, Wenxing; Chen, Shichang] Zhejiang Sci Tech Univ, Sch Mat & Engn, Hangzhou 310018, Peoples R China; [Chen, Wenxing] Zhejiang Prov Innovat Ctr Adv Text Technol, Shaoxing 312000, Peoples R China; [Chen, Shichang] Jiangsu Solead New Mat Grp Ltd, Wuxi 214253, Peoples R China","[Gu, Yan; Zhou, Zhenhua; Lin, Zekai; Liu, Xiaoli; Xu, Tiefeng; Chen, Wenxing; Lu, Wangyang] Zhejiang Sci Tech Univ, Sch Mat Sci & Engn, Natl Engn Lab Text Fiber Mat & Proc Technol Zhejia, Hangzhou 310018, Peoples R China; [Gu, Yan; Zhou, Zhenhua; Lin, Zekai; Liu, Xiaoli; Xu, Tiefeng; Chen, Wenxing; Lu, Wangyang] Zhejiang Prov Innovat Ctr Adv Text Technol, Shaoxing 312000, Peoples R China",Nanjing Tech Univ@@China || Zhejiang Prov Innovat Ctr Adv Text Technol@@China || Zhejiang Sci tech Univ@@China || Jiangsu Solead New Mat Grp Ltd@@China || Zhejiang Prov Innovat Ctr Adv Text Technol@@China || Zhejiang Sci Tech Univ@@China || Zhejiang Prov Innovat Ctr Adv Text Technol@@China || Zhejiang Sci Tech Univ@@China
CSIRO Energy Flagship,25,克斯伊尔奥能源弗勒阿格什伊普,克斯伊尔奥能源弗勒阿格什伊普,Australia:24 | China:1,WOS:25 | CSCD:1,"[Conway, William; Feron, Paul; Puxty, Graeme] CSIRO Energy Flagship, Mayfield West, NSW 2304, Australia; [Beyad, Yaser] CSIRO Energy Flagship, Clayton, Vic 3169, Australia; [Maeder, Marcel; Burns, Robert] Univ Newcastle, Dept Chem, Callaghan, NSW 2308, Australia","[Wang, Min; Huang, Wenbiao; Yang, Jinxiu; Xue, Haitao] China Univ Petr East China, Res Inst Unconvent Petr & Renewable Energy RIUP&R, Qingdao 266580, Shandong, Peoples R China; [Wang, Min; Li, Zhongsheng] CSIRO Energy Flagship, N Ryde, NSW 2113, Australia; [Li, Zhongsheng] UNSW Australia, Sch Biol Earth & Environm Sci BEES, Sydney, NSW 2052, Australia","[Wang, Min; Xue, Haitao; Tian, Shansi; Wang, Zhiwei] China Univ Petr East China, RIUP&RE, Qingdao 266580, Shandong, Peoples R China; [Wang, Min; Wilkins, Ronald W. T.] CSIRO Energy Flagship, N Ryde, NSW 2113, Australia",CSIRO Energy Flagship@@Australia || Univ Newcastle@@Australia || CSIRO Energy Flagship@@Australia || China Univ Petr East China@@China || UNSW Australia@@Australia || CSIRO Energy Flagship@@Australia || China Univ Petr East China@@China
Ecole Polytech Montreal,25,埃克奥勒埃理工姆奥恩特拉伊勒,埃克奥勒埃理工姆奥恩特拉伊勒,Canada:25,WOS:25,"[Guerrero, M. P.; Rochefort, D.] Univ Montreal, Dept Chim, Montreal, PQ H3C 3J7, Canada; [Guerrero, M. P.; Bertrand, F.] Ecole Polytech Montreal, Dept Genie Chim, Montreal, PQ H3C 3A7, Canada","[Thi Thuy Duong Vu; Mighri, Frej; Trong-On Do] Univ Laval, Dept Chem Engn, Quebec City, PQ G1V 0A6, Canada; [Thi Thuy Duong Vu; Mighri, Frej; Ajji, Abdellah] Ecole Polytech Montreal, Ctr Appl Res Polymers & Compos CREPEC, Montreal, PQ H3C 3A7, Canada; [Trong-On Do] Ecole Polytech Montreal, CGCC, Montreal, PQ H3C 3A7, Canada; [Ajji, Abdellah] Ecole Polytech Montreal, Dept Chem Engn, Montreal, PQ H3C 3A7, Canada","[Pirola, Carlo; Galli, Federico; Bianchi, Claudia L.; Comazzi, Alberto] Univ Milan, Dipartimento Chim, I-20133 Milan, Italy; [Galli, Federico; Manenti, Flavio] Politecn Milan, Dipartimento Chim Mat & Ingn Chim Giulio Natta, I-20133 Milan, Italy; [Boffito, Daria C.] Ecole Polytech Montreal, Dept Genie Chim, Montreal, PQ H3T 1J4, Canada",Ecole Polytech Montreal@@Canada || Univ Montreal@@Canada || Ecole Polytech Montreal@@Canada || Univ Laval@@Canada || Ecole Polytech Montreal@@Canada || Politecn Milan@@Italy || Univ Milan@@Italy
JARA Energy,25,杰阿尔阿能源,杰阿尔阿能源,Germany:25,WOS:36,"[Waag, Wladislaw; Sauer, Dirk Uwe] Rhein Westfal TH Aachen, Inst Power Elect & Elect Drives ISEA, Electrochem Energy Convers & Storage Syst Grp, Aachen, Germany; [Sauer, Dirk Uwe] Rhein Westfal TH Aachen, E ON ERC, Inst Power Generat & Storage Syst PGS, Aachen, Germany; [Waag, Wladislaw; Sauer, Dirk Uwe] JARA Energy, Julich Aachen Res Alliance, Julich, Germany","[Moshoevel, Janina; Kairies, Kai-Philipp; Magnor, Dirk; Leuthold, Matthias; Sauer, Dirk Uwe] Rhein Westfal TH Aachen, Inst Power Elect & Elect Drives ISEA, Grid Integrat & Storage Syst Anal Dept, Aachen, Germany; [Moshoevel, Janina; Kairies, Kai-Philipp; Magnor, Dirk; Leuthold, Matthias; Sauer, Dirk Uwe] Rhein Westfal TH Aachen, E ON ERC, Inst Power Generat & Storage Syst PGS, Aachen, Germany; [Moshoevel, Janina; Kairies, Kai-Philipp; Magnor, Dirk; Leuthold, Matthias; Sauer, Dirk Uwe] JARA Energ","[Marongiu, Andrea; Sauer, Dirk Uwe] Rhein Westfal TH Aachen, Inst Power Elect & Elect Drives ISEA, Electrochem Energy Convers & Storage Syst Grp, D-52066 Aachen, Germany; [Sauer, Dirk Uwe] Rhein Westfal TH Aachen, EON ERC, Inst Power Generat & Storage Syst PGS, D-52074 Aachen, Germany; [Marongiu, Andrea; Sauer, Dirk Uwe] JARA Energy, Julich Aachen Res Alliance, Aachen, Germany; [Roscher, Marco] Rhein Westfal TH Aachen, Inst Ind Management FIR, D-52074 Aachen, Germany",JARA Energy@@Germany || Rhein Westfal TH Aachen@@Germany || Inst Ecol Econ Res IOW@@Germany || JARA Energy@@Germany || Rhein Westfal TH Aachen@@Germany || IK4 Ikerlan@@Spain || JARA Energy@@Germany || Rhein Westfal TH Aachen@@Germany
Minist Ecol & Environm Peoples Republ China,25,姆伊恩伊斯特尔伊生态环境普埃奥普勒埃斯尔埃普乌布勒中国,姆伊恩伊斯特尔伊生态环境普埃奥普勒埃斯尔埃普乌布勒中国,China:25,WOS:29,"[Jia, Yating; Zhou, Miaomiao; Chen, Yuancai; Hu, Yongyou] South China Univ Technol, Sch Environm & Energy, Key Lab Pollut Control & Ecol Remediat Ind Agglom, Minist Educ, Guangzhou 510006, Peoples R China; [Luo, Jun] Minist Ecol & Environm Peoples Republ China, South China Inst Environm Sci, Guangzhou 510000, Peoples R China","[Chen, Zhihao; Zhang, Guohui; Yang, Wenzhong; Chen, Yun; Yin, Xiaoshuang; Liu, Ying] Nanjing Tech Univ, Coll Chem & Mol Engn, Nanjing 210009, Peoples R China; [Xu, Bin] Minist Ecol & Environm Peoples Republ China, Nanjing Inst Environm Sci, Nanjing 210042, Peoples R China; [Zhang, Guohui] Shaanxi Res Design Inst Petr & Chem Ind, Xian 710054, Peoples R China","[Liu, Hui; Zhang, Junhui; Liu, Jingyong; Huang, Hongyi] Guangdong Univ Technol, Sch Environm Sci & Engn, Guangzhou 510006, Peoples R China; [Chen, Laiguo] Minist Ecol & Environm Peoples Republ China, South China Inst Environm Sci, State Environm Protect Key Lab Urban Ecol Environ, Guangzhou 510655, Peoples R China; [Evrendilek, Fatih] Abant Izzet Baysal Univ, Dept Environm Engn, TR-14052 Bolu, Turkey",Minist Ecol & Environm Peoples Republ China@@China || South China Univ Technol@@China || Minist Ecol & Environm Peoples Republ China@@China || Nanjing Tech Univ@@China || Shaanxi Res Design Inst Petr & Chem Ind@@China || Abant Izzet Baysal Univ@@Turkey || Guangdong Univ Technol@@China || Minist Ecol & Environm Peoples Republ China@@China
Basque Res & Technol Alliance BRTA,24,布阿斯库埃研究技术阿勒勒亚恩克埃布拉特阿,布阿斯库埃研究技术阿勒勒亚恩克埃布拉特阿,Spain:24,WOS:38,"[Saikia, Binoy K.; Benoy, Santhi Maria; Bora, Mousumi; Tamuly, Joyshil] CSIR North East Inst Sci & Technol, Mat Sci & Technol Div, Polymer Petr & Coal Chem Grp, Jorhat 785006, Assam, India; [Saikia, Binoy K.; Benoy, Santhi Maria; Bora, Mousumi; Tamuly, Joyshil] Acad Sci & Innovat Res, CSIR NEIST Campus, Jorhat 785006, Assam, India; [Pandey, Mayank] Kristu Jayanti Coll Autonomous, Dept Phys & Elect, Bangalore 560077, Karnataka, India; [Bhattacharya, Dhurbajyoti] Basque Res & Technol Alliance BRTA","[Logemann, Morten; Wessling, Matthias] Rhein Westfal TH Aachen, Lehrstuhl Chem Verfahrenstech, Forckenbeckstr 51, D-52074 Aachen, Germany; [Marinkovic, Jakob Maximilian; Garcia-Suarez, Eduardo Jose; Riisager, Anders; Fehrmann, Rasmus] Tech Univ Denmark, Ctr Catalysis & Sustainable Chem, Dept Chem, Kemitorvet Bldg 207, DK-2800 Lyngby, Denmark; [Schoerner, Markus; Haumann, Marco] Friedrich Alexander Univ Erlangen Nurnberg FAU, Lehrstuhl Chem Reakt Tech CRT, Egerlandstr 3, D-91058 Erlangen, Germany","[Grosu, Yaroslav; Dauvergne, Jean-Luc; Nikulin, Artem; Palomo, Elena; Faik, Abdessamad] Basque Res & Technol Alliance BRTA, Ctr Cooperat Res Alternat Energies CIC EnergiGUNE, Alava Technol Pk,Albert Einstein 48, Vitoria 01510, Spain; [Zhao, Yanqi; Ding, Yulong] Univ Birmingham, BCES Birmingham Ctr Energy Storage, Birmingham, W Midlands, England; [Giacomello, Alberto; Meloni, Simone] Sapienza Univ Roma, Dipartimento Ingn Meccan & Aerosp, Via Eudossiana 18, I-00184 Rome, Italy; [Meloni, Simone] Un",Acad Sci & Innovat Res@@India || Basque Res & Technol Alliance BRTA@@Spain || CSIR North East Inst Sci & Technol@@India || Kristu Jayanti Coll Autonomous@@India || Basque Fdn Sci@@Spain || Ctr Cooperat Res Alternat Energies CIC EnergiGUNE@@Spain || DWI Leihniz Inst Interact Mat@@Germany || Evonik Performance Mat GmbH@@Germany || Friedrich Alexander Univ Erlangen Nurnberg FAU@@Germany || Rhein Westfal TH Aachen@@Germany || Ruhr Univ Bochum@@Germany || Tech Univ Denmark@@Denmark || Basque Res & Technol Alliance BRTA@@Spain || Ikerbasque@@Spain || Sapienza Univ Roma@@Italy || Univ Birmingham@@United Kingdom || Univ Ferrara Unife@@Italy
Coinnovat Ctr Chem & Chem Engn Tianjin,24,克欧伊恩恩奥维阿特中心化工化工工程天津,克欧伊恩恩奥维阿特中心化工化工工程天津,China:24,WOS:40,"[Wang, Guan; Wang, Yongli; Ma, Youguang; Hao, Hongxun; Wang, Huihui; Zhang, Jie] Tianjin Univ, Sch Chem Engn & Technol, Tianjin 300072, Peoples R China; [Wang, Yongli; Hao, Hongxun] Coinnovat Ctr Chem & Chem Engn Tianjin, Tianjin 300072, Peoples R China","[Wu, Songgu; Shen, Huan; Li, Kangli; Yu, Bo; Xu, Shijie; Chen, Mingyang; Gong, Junbo; Hou, Bao hong] Tianjin Univ, Sch Chem Engn & Technol, State Key Lab Chem Engn, Tianjin 300072, Peoples R China; [Wu, Songgu; Shen, Huan; Li, Kangli; Yu, Bo; Xu, Shijie; Chen, Mingyang; Gong, Junbo; Hou, Bao hong] Coinnovat Ctr Chem & Chem Engn Tianjin, Tianjin 300072, Peoples R China","[Liu, Ya; Xu, Shijie; Liu, Yumin; Chen, Mingyang; Chen, Yifu; Du, Shichao; Wang, Yaping; Sun, Panpan; Sun, Mengmeng; Shi, Peng; Gong, Junbo] Tianjin Univ, Sch Chem Engn & Technol, State Key Lab Chem Engn, Tianjin 300072, Peoples R China; [Gong, Junbo] Tianjin Univ, Sch Pharmaceut Sci & Technol, Tianjin Key Lab Modern Drug Delivery & High Effic, Tianjin 300072, Peoples R China; [Liu, Ya; Xu, Shijie; Liu, Yumin; Chen, Mingyang; Chen, Yifu; Du, Shichao; Wang, Yaping; Sun, Panpan; Sun, Mengmeng; Shi",Coinnovat Ctr Chem & Chem Engn Tianjin@@China || Tianjin Univ@@China || Tianjin Univ@@China || Coinnovat Ctr Chem & Chem Engn Tianjin@@China || Tianjin Key Lab Membrane Sci & Desalinat Technol@@China || Tianjin Univ@@China
Ecole Technol Super,24,埃克奥勒埃技术斯乌普埃尔,埃克奥勒埃技术斯乌普埃尔,Canada:24,WOS:30,"Ecole Technol Super, Dept Mech Engn, Montreal, PQ H3C 1K3, Canada","[Diany, Mohammed; Bouzid, Abdel-Hakim] Ecole Technol Super, Montreal, PQ H3C 1K3, Canada","[Broustail, G.; Halter, F.; Mounaim-Rousselle, C.] Univ Orleans, Lab PRISME, F-45072 Orleans, France; [Broustail, G.; Seers, P.] Ecole Technol Super, Dept Genie Mecan, Montreal, PQ H3C 1K3, Canada; [Moreac, G.] Renault Technoctr, F-78288 Guyancourt, France",Ecole Technol Super@@Canada || Ecole Technol Super@@Canada || Renault Technoctr@@France || Univ Orleans@@France || Ecole Technol Super@@Canada || Univ Sultan Moulay Slimane@@Morocco
IMDEA Energy,24,伊姆德伊能源,伊姆德伊能源,Spain:24,WOS:60,"[Escola, J. M.; Aguado, J.; Briones, L.; Diaz de Tuesta, J. L.] ESCET Rey Juan Carlos Univ, Dept Chem & Environm Technol, Madrid 28933, Spain; [Serrano, D. P.] ESCET Rey Juan Carlos Univ, Dept Chem & Energy Technol, Madrid 28933, Spain; [Serrano, D. P.] IMDEA Energy Inst, Madrid 28935, Spain; [Calvo, R.; Fernandez, E.] URBASER, Madrid 28703, Spain","[Collado, L.; Jana, P.; Sierra, B.; Coronado, J. M.; Pizarro, P.; Serrano, D. P.; de la Pena O'Shea, V. A.] IMDEA Energy Inst, Unit Thermochem Proc, Mostoles 28935, Spain; [Pizarro, P.; Serrano, D. P.] Rey Juan Carlos Univ, ESCET, Dept Chem & Energy Technol, Mostoles 28933, Spain","[Alonso, Elisa; Romero, Manuel; Gonzalez-Aguilar, Jose] Inst IMDEA Energy, Mostoles 28935, Spain; [Hutter, Christian; Steinfeld, Aldo] PSI, Solar Technol Lab, CH-5232 Villigen, Switzerland; [Steinfeld, Aldo] ETH, Dept Mech & Proc Engn, CH-8092 Zurich, Switzerland",ESCET Rey Juan Carlos Univ@@Spain || IMDEA Energy Inst@@Spain || URBASER@@Spain || IMDEA Energy Inst@@Spain || Rey Juan Carlos Univ@@Spain || ETH@@Switzerland || Inst IMDEA Energy@@Spain || PSI@@Switzerland
Natl Energy Shale Gas R&D Expt Ctr,24,国家能源什阿勒埃天然气尔德埃克斯普特中心,国家能源什阿勒埃天然气尔德埃克斯普特中心,China:24,WOS:22 | WOS|CSCD:3,"[Zou Caineng; Dong Dazhong; Wang Yuman; Li Xinjing; Huang Jinliang; Wang Shufang; Guan Quanzhong; Zhang Chenchen; Yang Zhi] PetroChina Res Inst Petr Explorat Dev, Beijing 100083, Peoples R China; [Dong Dazhong; Wang Hongyan] Natl Energy Shale Gas R&D Expt Ctr, Langfang 065007, Peoples R China; [Wang Hongyan; Liu Honglin; Bai Wenhua; Liang Feng; Lin Wen; Zhao Qun; Liu Dexun; Liang Pingping; Sun Shasha; Qiu Zhen] PetroChina Res Inst Petr Explorat & Dev, Langfang Branch, Langfang 065007, Peoples R ","[Zhou, Shangwen; Yan, Gang; Xue, Huaqing; Guo, Wei; Li, Xiaobo] PetroChina Res Inst Petr Explorat & Dev Langfang, Langfang 065007, Peoples R China; [Zhou, Shangwen; Yan, Gang; Xue, Huaqing; Guo, Wei; Li, Xiaobo] CNPC, Key Lab Unconvent Oil & Gas, Langfang 065007, Peoples R China; [Zhou, Shangwen; Yan, Gang; Xue, Huaqing; Guo, Wei; Li, Xiaobo] CNPC, Natl Energy Shale Gas R&D Expt Ctr, Langfang 065007, Peoples R China; [Xue, Huaqing] Tsinghua Univ, Minist Educ, Key Lab Thermal Sci & Power Engn, Be","[Zhang, Qin; Liu, Renhe; Lin, Wen; Bai, Wenhua; Wang, Hongyan] Res Inst Petr Explorat & Dev LangFang, Langfang 065007, Hebei, Peoples R China; [Zhang, Qin; Liu, Renhe; Lin, Wen; Bai, Wenhua; Wang, Hongyan] Natl Energy Shale Gas R&D Expt Ctr, Langfang 065007, Hebei, Peoples R China; [Pang, Zhenglian] Res Inst Petr Explorat & Dev, Beijing 100083, Peoples R China",Natl Energy Shale Gas R&D Expt Ctr@@China || PetroChina Res Inst Petr Explorat & Dev@@China || PetroChina Res Inst Petr Explorat Dev@@China || CNPC@@China || PetroChina Res Inst Petr Explorat & Dev Langfang@@China || Tsinghua Univ@@China || Natl Energy Shale Gas R&D Expt Ctr@@China || Res Inst Petr Explorat & Dev LangFang@@China || Res Inst Petr Explorat & Dev@@China
Oil & Gas Survey,24,石油天然气斯乌尔维伊,石油天然气斯乌尔维伊,China:24,WOS:105 | CSCD:29 | WOS|CSCD:4 | CNKI|CSCD:3,"Wu Xinhe, The Centre of Oil & Gas Survey,CGS, Beijing 100029, China.; Lin Liangbiao, Institute of Sedimentary Geology,Chengdu University of Technology, Chengdu, Sichuan 610059, China.; Zhang Xihua, Institute of Sedimentary Geology,Chengdu University of Technology, Chengdu, Sichuan 610059, China.","[Lu, Zhengquan; Zhu, Youhai; Liu, Hui; Huang, Xia; Wang, Pingkang] Chinese Acad Geol Sci, Inst Mineral Resources, Beijing 100037, Peoples R China; [Lu, Zhengquan; Zhu, Youhai; Liu, Hui; Jin, Chunshuang] China Geol Survey, Oil & Gas Survey, Beijing 100029, Peoples R China; [Zhang, Yongqin] Chinese Acad Geol Sci, Inst Explorat Tech, Langfang 065000, Hebei, Peoples R China",东北石油大学非常规油气成藏与开发省部共建国家重点实验室培育基地;中国石油大学油气资源与探测国家重点实验室;中国地质调查局油气资源调查中心;中国石油新疆油田分公司勘探开发研究院;,Institute of Sedimentary Geology@@China || The Centre of Oil & Gas Survey@@China || China Geol Survey@@China || Chinese Acad Geol Sci@@China || Accumulation and Development of Unconventional Oil and Gas@@China || China University of Petroleum (Beijing)@@China || Oil & Gas Survey@@China || Research Institute of Exploration and Development@@China || 东北石油大学非常规油气成藏与开发省部共建国家重点实验室培育基地@@China || 中国地质调查局油气资源调查中心@@China || 中国石油大学油气资源与探测国家重点实验室@@China || 中国石油新疆油田分公司勘探开发研究院@@China
Politecn Bari,24,理工布阿尔伊,理工布阿尔伊,Italy:24,WOS:24,"[Molino, A.; Braccio, G.; Fiorenza, G.] Italian Natl Agcy New Technol Energy & Sustainabl, Trisaia Res Ctr, I-75026 Rotondella, Matera, Italy; [Marraffa, F. A.; Lamonaca, S.; Rotondo, G.; Stecchi, U.; La Scala, M.] Politecn Bari, Elect & Elect Dept, I-70125 Bari, Italy; [Giordano, G.] Univ Calabria, Chem & Mat Engn Dept, I-87036 Cosenza, Italy","[Petrella, Andrea; Petrella, Mario; Boghetich, Giancarlo; Basile, Teodora; Petruzzelli, Valentina; Petruzzelli, Domenico] Politecn Bari, Dipartimento Ingn Acque & Chim, I-70125 Bari, Italy","[Lotito, Adriana Maria; Fratino, Umberto] Politecn Bari, Dept Water Engn & Chem, I-70125 Bari, Italy; [Bergna, Giovanni] CIDA Spa, I-22073 Fino Mornasco, CO, Italy; [Di Iaconi, Claudio] CNR, Water Res Inst, I-70132 Bari, Italy",Italian Natl Agcy New Technol Energy & Sustainabl@@Italy || Politecn Bari@@Italy || Univ Calabria@@Italy || Politecn Bari@@Italy || CIDA Spa@@Italy || CNR@@Italy || Politecn Bari@@Italy
CAF,23,克阿弗,克阿弗,China:23,WOS:67 | CSCD:1,"[Xu, Junming; Xiao, Guomin] Southeast Univ, Dept Chem & Chem Engn, Nanjing 210096, Peoples R China; [Xu, Junming; Zhou, Yonghong; Jiang, Jianchun] Chinese Acad Forestry CAF, Res Inst New Technol, Inst Chem Ind Forest Prod, Nanjing 210042, Peoples R China","[Xu, Junming; Jiang, Jianchun] CAF, Inst Chem Ind Forestry Prod, Nanjing 210042, Jiangsu, Peoples R China; [Xu, Junming; Jiang, Jianchun] Key Lab Biomass Energy & Mat, Nanjing 210042, Jiangsu, Peoples R China; [Hse, Chungyun] USDA Forest Serv, So Res Stn, Pineville, LA 71360 USA; [Shupe, Todd F.] Louisiana State Univ, Ctr Agr, Sch Renewable Nat Resources, Baton Rouge, LA 70803 USA; [Xu, Junming; Jiang, Jianchun] SFA, Natl Engn Lab Biomass Chem Utilizat, Nanjing 210042, Jiangsu, Peoples R China; ","[Xu, Junming; Jiang, Jianchun; Zhang, Tianjian; Dai, Weidi] CAF, Inst New Forestry Technol, Inst Chem Ind Forestry Prod, Beijing 100091, Peoples R China; [Xu, Junming; Jiang, Jianchun; Zhang, Tianjian; Dai, Weidi] SFA, Natl Engn Lab Biomass Chem Utilizat, Key Lab Biomass Energy & Mat, Nanjing 210042, Jiangsu, Peoples R China; [Xu, Junming; Jiang, Jianchun; Zhang, Tianjian; Dai, Weidi] SFA, Key & Open Lab Forest Chem Engn, Nanjing 210042, Jiangsu, Peoples R China",Chinese Acad Forestry CAF@@China || Southeast Univ@@China || CAF@@China || Key Lab Biomass Energy & Mat@@China || Louisiana State Univ@@United States || SFA@@China || USDA Forest Serv@@United States || CAF@@China || SFA@@China
Consejo Nacl Invest Cient & Tecn CONICET,23,克奥恩斯埃杰奥国家伊恩维埃斯特克耶恩特特埃克恩克奥恩伊克埃特,克奥恩斯埃杰奥国家伊恩维埃斯特克耶恩特特埃克恩克奥恩伊克埃特,Argentina:23,WOS:30,"[Cristaldi, Mariano D.; Cabrera, Maria I.; Grau, Ricardo J. A.] UNL, Consejo Nacl Invest Cient & Tecn CONICET, CCT CONICET Santa Fe, Inst Desarrollo Tecnol Ind Quim INTEC, RA-3000 Santa Fe, Argentina; [Martinez, Ernesto C.] UNL, Consejo Nacl Invest Cient & Tecn CONICET, Inst Desarrollo & Diseno INGAR, RA-3000 Santa Fe, Argentina","[De Micco, G.; Nasjleti, A.; Bohe, A. E.] CNEA, RA-8400 San Carlos De Bariloche, Rio Negro, Argentina; [De Micco, G.; Bohe, A. E.] Consejo Nacl Invest Cient & Tecn CONICET, Buenos Aires, DF, Argentina; [De Micco, G.] Univ Nacl Cuyo, Inst Balseiro, RA-8400 San Carlos De Bariloche, Rio Negro, Argentina; [Bohe, A. E.] Univ Nacl Comahue, Ctr Reg Univ Bariloche, RA-8400 San Carlos De Bariloche, Rio Negro, Argentina","[Evangelina Vallejos, Maria; Cristina Area, Maria] Univ Nacl Misiones, FCEQyN, Programa Celulosa & Papel, Posadasmisiones, Argentina; [Evangelina Vallejos, Maria; Cristina Area, Maria] Consejo Nacl Invest Cient & Tecn CONICET, Buenos Aires, Argentina; [Zambon, Marcia Dib; da Silva Curvelo, Antonio Aprigio] Univ Sao Paulo, Inst Quim Sao Carlos, Dept Fis Quim, Grp Fis Quim Organ, BR-13560970 Sao Paulo, Brazil; [da Silva Curvelo, Antonio Aprigio] Ctr Pesquisa Energia & Mat CNPEM, Lab Nacl Ciencia &",UNL@@Argentina || CNEA@@Argentina || Consejo Nacl Invest Cient & Tecn CONICET@@Argentina || Univ Nacl Comahue@@Argentina || Univ Nacl Cuyo@@Argentina || Consejo Nacl Invest Cient & Tecn CONICET@@Argentina || Ctr Pesquisa Energia & Mat CNPEM@@Brazil || Univ Nacl Misiones@@Argentina || Univ Sao Paulo@@Brazil
Ctr High Pressure Sci & Technol Adv Res,23,中心赫伊格普拉埃斯斯乌尔埃科学技术先进研究,中心赫伊格普拉埃斯斯乌尔埃科学技术先进研究,China:23,WOS:24,"[Pomerantz, Andrew E.; Bostrom, Neil W.; Kleinber, Robert L.] Schlumberger Doll Res Ctr, Cambridge, MA 02139 USA; [Crace, Ethan] Stanford Univ, Dept Chem, Stanford, CA 94305 USA; [Crace, Ethan; Weng, Tsu-Chien; Sokaras, Dimosthenis; Nordlund, Dennis] SLAC Natl Accelerator Lab, Menlo Pk, CA 94025 USA; [Weng, Tsu-Chien] Ctr High Pressure Sci & Technol Adv Res, Shanghai 201203, Peoples R China; [Bostrom, Neil W.] Varex Imaging, Salt Lake City, UT 84104 USA","[Liu, Zexin; Zhang, Xin; Wang, Gongkai] Hebei Univ Technol, Sch Mat Sci & Engn, Res Inst Energy Equipment Mat, Tianjin 300130, Peoples R China; [Liu, Zexin; Zhang, Xin; Wang, Gongkai] Hebei Univ Technol, Tianjin Key Lab Mat Laminating Fabricat & Interfa, Tianjin 300130, Peoples R China; [Huang, Dajian; Gao, Bo; Gou, Huiyang] Ctr High Pressure Sci & Technol Adv Res, Beijing 100190, Peoples R China; [Ni, Chaolun; Wang, Jiangwei] Zhejiang Univ, Ctr Electron Microscopy, Hangzhou 310027, Zhejiang, Pe","[Ning, Chenjun; Wang, Zelin; Bai, Sha; Tan, Ling; Hao, Xiaojie; Shen, Tianyang; Zhao, Yufei; Song, Yu-Fei] Beijing Univ Chem Technol, State Key Lab Chem Resource Engn, Beijing 100029, Peoples R China; [Dong, Hongliang] Ctr High Pressure Sci & Technol Adv Res, Shanghai 201203, Peoples R China; [Xu, Yanqi] Guilin Univ Technol, Coll Mat Sci & Engn, Guilin 541004, Peoples R China; [Zhao, Jingwen] Chinese Acad Sci, Qingdao Inst Bioenergy & Bioproc Technol, Qingdao 266101, Peoples R China; [Zhao, Pu] ",Ctr High Pressure Sci & Technol Adv Res@@China || SLAC Natl Accelerator Lab@@United States || Schlumberger Doll Res Ctr@@United States || Stanford Univ@@United States || Varex Imaging@@United States || Argonne Natl Lab@@United States || Beijing Inst Technol@@China || Ctr High Pressure Sci & Technol Adv Res@@China || Hebei Univ Technol@@China || Northern Illinois Univ@@United States || Zhejiang Univ@@China || Beijing Univ Chem Technol@@China || Chinese Acad Sci@@China || Ctr High Pressure Sci & Technol Adv Res@@China || Guilin Univ Technol@@China || PPG Coatings Tianjin Co Ltd@@China || Univ Oxford@@United Kingdom
Ecole Natl Super Chim Rennes,23,埃克奥勒埃国家斯乌普埃尔奇伊姆雷恩,埃克奥勒埃国家斯乌普埃尔奇伊姆雷恩,France:23,WOS:50,"[Duque, Ruben; Oechsner, Eva; Clavier, Herve; Nolan, Steven P.; Cole-Hamilton, David J.] Univ St Andrews, Sch Chem, EaStCHEM, St Andrews KY16 9ST, Fife, Scotland; [Caijo, Frederic; Mauduit, Marc] Ecole Natl Super Chim Rennes, UMR CNRS Sci Chim Rennes 6226, F-35700 Rennes 7, France","[Quijano, Guillermo; Couvert, Annabelle; Amrane, Abdeltif; Darracq, Guillaume; Couriol, Catherine; Le Cloirec, Pierre] Ecole Natl Super Chim Rennes, CNRS, UMR 6226, F-35708 Rennes 7, France; [Quijano, Guillermo; Couvert, Annabelle; Amrane, Abdeltif; Darracq, Guillaume; Couriol, Catherine; Le Cloirec, Pierre; Paquin, Ludovic; Carrie, Daniel] Univ Europeenne Bretagne, Bretagne, France; [Paquin, Ludovic; Carrie, Daniel] Univ Rennes 1, UMR CNRS 6226, Grp Ingn Chim & Mol Vivant ICMV, F-35042 Rennes, ","[Hubert, Claudie; Bile, Elodie Guyonnet; Denicourt-Nowicki, Audrey; Roucoux, Alain] Ecole Natl Super Chim Rennes, CNRS, UMR 6226, F-35708 Rennes 7, France; [Hubert, Claudie; Bile, Elodie Guyonnet; Denicourt-Nowicki, Audrey; Roucoux, Alain] Univ Europeenne Bretagne, Rennes, France",Ecole Natl Super Chim Rennes@@France || Univ St Andrews@@United Kingdom || Ecole Natl Super Chim Rennes@@France || Univ Europeenne Bretagne@@France || Univ Rennes 1@@France || Ecole Natl Super Chim Rennes@@France || Univ Europeenne Bretagne@@France
Japan Atom Energy Agcy,23,日本原子能能源阿格克伊,日本原子能能源阿格克伊,Japan:23,WOS:41,"[Nakahara, Masaumi] Japan Atom Energy Agcy, Nucl Fuel Cycle Engn Labs, Tokai, Ibaraki 3191194, Japan; [Nomura, Kazunori] Japan Atom Energy Agcy, Adv Nucl Syst Res & Dev Directorate, Tokai, Ibaraki 3191194, Japan","[Guo, Hanfei; Kasahara, Seiji; Onuki, Kaoru] Japan Atom Energy Agcy, Nucl Hydrogen & Heat Applicat Res Ctr, Oarai, Ibaraki 3111393, Japan; [Guo, Hanfei; Zhang, Ping; Xu, Jingming] Tsinghua Univ, Inst Nucl & New Energy Technol, Beijing 100084, Peoples R China","[Dodbiba, Gjergj; Fujita, Toyohisa; Manjanna, Jayappa; Matsuo, Seiji] Univ Tokyo, Grad Sch Engn, Dept Syst Innovat, Bunkyo Ku, Tokyo 1138656, Japan; [Kikuchi, Takahiro] Japan Atom Energy Agcy, Tokai, Ibaraki, Japan; [Takahashi, Hideyuki; Tohji, Kazuyuki] Tohoku Univ, Dept Environm Studies, Sendai, Miyagi 980, Japan",Japan Atom Energy Agcy@@Japan || Japan Atom Energy Agcy@@Japan || Tsinghua Univ@@China || Japan Atom Energy Agcy@@Japan || Tohoku Univ@@Japan || Univ Tokyo@@Japan
Minist Sci & Educ Republ Azerbaijan,23,姆伊恩伊斯特尔伊科学教育尔埃普乌布勒阿塞拜疆,姆伊恩伊斯特尔伊科学教育尔埃普乌布勒阿塞拜疆,Azerbaijan:23,WOS:23,"[Alakbarov, R. G.; Hashimov, M. A.] Minist Sci & Educ Republ Azerbaijan, Inst Informat Technol, Baku, Azerbaijan","[Efendiyev, G. M.; Kirisenko, O. G.] Minist Sci & Educ Republ Azerbaijan, Inst Oil & Gas, Baku, Azerbaijan; [Moldabayeva, G. J.] Satbayev Univ, Alma Ata, Kazakhstan; [Abbasova, S. V.] Azerbaijan State Oil & Ind Univ, Baku, Azerbaijan","[Suleymanov, C. S.; Yadigarov, T. A.] Azerbaijan State Oil & Ind Univ, Baku, Azerbaijan; [Yadigarov, T. A.] Minist Sci & Educ Republ Azerbaijan, Baku, Azerbaijan; [Quliyev, C. K.] SOCAR Turkey Enerji AS, Baku, Azerbaijan",Minist Sci & Educ Republ Azerbaijan@@Azerbaijan || Azerbaijan State Oil & Ind Univ@@Azerbaijan || Minist Sci & Educ Republ Azerbaijan@@Azerbaijan || Satbayev Univ@@Kazakhstan || Azerbaijan State Oil & Ind Univ@@Azerbaijan || Minist Sci & Educ Republ Azerbaijan@@Azerbaijan || SOCAR Turkey Enerji AS@@Azerbaijan
Minist Def Russia,22,姆伊恩伊斯特尔伊德埃弗尔乌斯斯亚,姆伊恩伊斯特尔伊德埃弗尔乌斯斯亚,Russia:22,WOS:55,"[Zolotov, A. V.; Kuz'mina, G. N.; Parenago, O. P.] Russian Acad Sci, AV Topchiev Petrochem Synth Inst, Moscow, Russia; [Zolotov, V. A.; Bartko, R. V.; Sipatrov, A. G.] Minist Def Russian Federat, State Res Inst Chemmotol 25, Moscow, Russia","[Ostrovskaya, V. M.] Minist Def Russian Federat, Fed Aviat Adm, State Sci Res Inst Chemmotol 25, Moscow, Russia; Russian Acad Sci, NS Kurnakov Gen & Inorgan Chem Inst, Moscow 117901, Russia; Russian Acad Sci, AN Frumkin Inst Phys Chem & Electrochem, Moscow 117901, Russia","[Volgin, S. N.] Minist Def Russia, FAU State Sci Res Inst Chemmotol 25, Moscow, Russia; [Tyshchenko, V. A.] JSC Srednovolzhskii Sci Res Inst Oil Reining, Moscow, Russia",Minist Def Russian Federat@@Russia || Russian Acad Sci@@Russia || JSC Srednovolzhskii Sci Res Inst Oil Reining@@Russia || Minist Def Russia@@Russia || Minist Def Russia@@Russia
SK Innovat,22,斯克创新,斯克创新,South Korea:22,WOS:29,"[Kim, Sung Won; Lee, Ju Wook; Kim, Cheol Joong; Koh, Jae Suk; Kim, Gyung Rok; Choi, Sun] SK Innovat, Global Technol, Taejon 305712, South Korea","[Kim, Sung Won; Lee, Ju Wook; Koh, Jae Suk; Kim, Gyung Rok; Choi, Sun; Yoo, Ik Sang] SK Innovat, Global Technol, Taejon 305712, South Korea","[Tran Tan Viet; Lee, Jae-Hyuk; Ahn, Ik-Sung; Lee, Chang-Ha] Yonsei Univ, Dept Chem & Biomol Engn, Seoul 120749, South Korea; [Ryu, Jae Wook] SK Innovat, Global Technol, Taejon, South Korea",SK Innovat@@South Korea || SK Innovat@@South Korea || Yonsei Univ@@South Korea || Konkuk Univ@@South Korea || Korea Adv Inst Sci & Technol@@South Korea || Korea Inst Energy Res@@South Korea || SK Innovat@@South Korea
Petro Bio Oil Consulting,21,普埃特拉奥布约石油咨询,普埃特拉奥布约石油咨询,United States:21,WOS:21,"[Pan, Yinhua; Liao, Yuhong] Chinese Acad Sci, Guangzhou Inst Geochem, State Key Lab Organ Geochem, Guangzhou 510640, Guangdong, Peoples R China; [Pan, Yinhua] Univ Chinese Acad Sci, Beijing 100049, Peoples R China; [Shi, Quan; Hsu, Chang Samuel] China Univ Petr, State Key Lab Heavy Oil Proc, Beijing 102200, Peoples R China; [Hsu, Chang Samuel] Petro Bio Oil Consulting, Tallahassee, FL 32312 USA; [Hsu, Chang Samuel] Florida State Univ, Dept Chem & Biomed Engn, Tallahassee, FL 32310 USA","[Shi, Quan; Pan, Na; Long, Haiyan; Cui, Dechun; Zhao, Suoqi; Xu, Chunming; Hsu, Chang Samuel] China Univ Petr, State Key Lab Heavy Oil Proc, Beijing 102249, Peoples R China; [Shi, Quan; Hsu, Chang Samuel] Florida State Univ, Dept Chem & Biomed Engn, Tallahassee, FL 32310 USA; [Guo, Xiaofen; Long, Yinhua] Natl Inst Clean & Low Carbon Energy, Beijing 102209, Peoples R China; [Chung, Keng H.] Well Resources Inc, Edmonton, AB T6R 1J8, Canada; [Hsu, Chang Samuel] Petro Bio Oil Consulting, Tallahassee","[Lu, Hong; Peng, Pingan] Chinese Acad Sci, State Key Lab Organ Geochem, Guangzhou Inst Geochem, Guangzhou 510640, Guangdong, Peoples R China; [Hsu, Chang Samuel] China Petr Univ, State Key Lab Heavy Oil Proc, Beijing 102249, Peoples R China; [Hsu, Chang Samuel] Florida State Univ, Dept Chem & Biomed Engn, Tallahassee, FL 32310 USA; [Hsu, Chang Samuel] Petro Bio Oil Consulting, Tallahassee, FL 32312 USA",China Univ Petr@@China || Chinese Acad Sci@@China || Florida State Univ@@United States || Petro Bio Oil Consulting@@United States || Univ Chinese Acad Sci@@China || China Univ Petr@@China || Florida State Univ@@United States || Natl Inst Clean & Low Carbon Energy@@China || Petro Bio Oil Consulting@@United States || Well Resources Inc@@Canada || China Petr Univ@@China || Chinese Acad Sci@@China || Florida State Univ@@United States || Petro Bio Oil Consulting@@United States
Qingdao Ctr Resource Chem & New Mat,21,青岛中心资源化工恩埃瓦材料,青岛中心资源化工恩埃瓦材料,China:21,WOS:22,"[Li, Qinghe; Wang, Peixue; Liu, Shimin; Fei, Yuqing; Deng, Youquan] Chinese Acad Sci, Lanzhou Inst Chem Phys, State Key Lab Solid Lubricat, State Key Lab Oxo Synth & Select Oxidat, Lanzhou 730000, Peoples R China; [Li, Qinghe; Fei, Yuqing] Chinese Acad Sci, Grad Sch, Beijing 100049, Peoples R China; [Wang, Peixue; Deng, Youquan] Qingdao Ctr Resource Chem & New Mat, Qingdao 266100, Peoples R China","[Wang, Peixue; Fei, Yuqing; Li, Qinghe; Deng, Youquan] Chinese Acad Sci, Lanzhou Inst Chem Phys, State Key Lab Solid Lubricat, State Key Lab Oxo Synth & Select Oxidat, Lanzhou 730000, Peoples R China; [Wang, Peixue; Deng, Youquan] Qingdao Ctr Resource Chem & New Mat, Qingdao 266100, Peoples R China","[Zhang, Songwei; Li, Yi; Hu, Litian; Feng, Dapeng; Wang, Haizhong] Chinese Acad Sci, Lanzhou Inst Chem Phys, State Key Lab Solid Lubricat, 18 Tianshui Middle Rd, Lanzhou 730000, Peoples R China; [Zhang, Songwei] Qingdao Ctr Resource Chem & New Mat, 36 Jinshui Rd, Qingdao 266071, Peoples R China; [Li, Yi] Univ Chinese Acad Sci, Sch Chem & Chem Engn, 19A Yuquan Rd, Beijing 100049, Peoples R China",Chinese Acad Sci@@China || Qingdao Ctr Resource Chem & New Mat@@China || Chinese Acad Sci@@China || Qingdao Ctr Resource Chem & New Mat@@China || Univ Chinese Acad Sci@@China || Chinese Acad Sci@@China || Qingdao Univ@@China
Shengli Branch,21,什埃恩勒伊分院,什埃恩勒伊分院,China:21,CSCD:31 | WOS:10 | CNKI|CSCD:8,"Wei Jidong, Shengli Branch,Sinopec Geophysical Company, Dongying, Shandong 257100, China.",中国石化地球物理公司胜利分公司;,"[Tan Yu-Yang; He Chuan] Peking Univ, Sch Earth & Space Sci, Inst Oil & Gas, Beijing 100871, Peoples R China; [Wang Yan-Dong] China Univ Petr East China, Sch Geosci, Qingdao 266555, Peoples R China; [Zhao Zhong] SINOPEC, Geophys Corp, Shengli Branch, Dongying 257086, Peoples R China",Shengli Branch@@China || Shengli Branch@@China || 中国石化地球物理公司胜利分公司@@China || China Univ Petr East China@@China || Peking Univ@@China || SINOPEC@@China
BGP,20,布格普,布格普,China:20,CSCD:316 | WOS:97 | CNKI|CSCD:20 | WOS|CSCD:6 | CNKI:2,"Guo Xiangyu, BGP Inc.of CNPC, Zhuozhou, Hebei 072751, China.; Jiang Xiaosong, BGP Inc.of CNPC, Zhuozhou, Hebei 072751, China.; Zhang Guojuan, BGP Inc.of CNPC, Zhuozhou, Hebei 072751, China.; Huo Lina, BGP Inc.of CNPC, Zhuozhou, Hebei 072751, China.","Luo Weifeng, BGP Inc., CNPC, Zhuozhou, Hebei 072751, China.; He Zhanxiang, BGP Inc., CNPC, Zhuozhou, Hebei 072751, China.; Wang Caifu, BGP Inc., CNPC, Zhuozhou, Hebei 072751, China.; Dong Weibin, BGP Inc., CNPC, Zhuozhou, Hebei 072751, China.; Zhang Hongqiang, BGP Inc., CNPC, Zhuozhou, Hebei 072751, China.","Huang Handong, Enhanced Oil Recovering Research Center, China University of Petroleum (Beijing), State Key Laboratory of Petroleum Resource and Prospecting, Beijing 102200, China.; Zhao Di, Deyang Branch, E&P Research Institute SWPB of SINOPEC, Deyang, Sichuan 618000, China.; Ren Dunzhan, BGP Inc., CNPC, Zhuozhou, Hebei 072751, China.",BGP Inc.of CNPC@@China || BGP Inc@@China || BGP Inc@@China || China University of Petroleum (Beijing)@@China || Deyang Branch@@China
BIST,20,布伊斯特,布伊斯特,Spain:20,WOS:30,"[Tamboli, Mohaseen S.; Patil, Santosh S.; Shaikh, Asiya F.; Deonikar, Virendrakumar G.; Kulkarni, Milind V.; Kale, Bharat B.; Patil, Deepak R.] Govt India, Ctr Mat Elect Technol, Dept Elect & Informat Technol DeitY, Panchawati Off Pashan Rd, Pune 411008, Maharashtra, India; [Tamboli, Mohaseen S.; Maldar, Noormahamad N.] Solapur Univ, Sch Chem Sci, Solapur 411255, India; [Dubal, Deepak P.; Gomez-Romero, Pedro] Catalan Inst Nanosci & Nanotechnol ICN2, Campus UAB, Barcelona 08193, Spain; [Dubal, De","[Natali, M.; Scandola, F.] Univ Ferrara, Dept Chem & Pharmaceut Sci, Via Fossato Mortara 17-19, I-44121 Ferrara, Italy; [Natali, M.; Scandola, F.] Ctr Interuniv Convers Chim Energia Solare SolarCh, Sez Ferrara, Via L Borsari 46, I-44121 Ferrara, Italy; [Bazzan, I.; Al-Oweini, R.; Sartorel, A.; Bonchio, M.] Univ Padua, Dept Chem Sci, Via F Marzolo 1, I-35131 Padua, Italy; [Bazzan, I.; Al-Oweini, R.; Sartorel, A.; Bonchio, M.] Univ Padua, Inst Membrane Technol, Via F Marzolo 1, I-35131 Padua, Ital","[Liu, Jie; Zhong, Guo-Hua] South China Agr Univ, Key Lab Crop Integrated Pest Management South Chi, Minist Agr, Guangzhou 510642, Guangdong, Peoples R China; [Liu, Jie; Zhong, Guo-Hua] South China Agr Univ, Key Lab Nat Pesticide & Chem Biol, Minist Educ, Guangzhou 510642, Guangdong, Peoples R China; [Liu, Jie; Morales-Narvaez, Eden; Merkoci, Arben] CSIC, Catalan Inst Nanosci & Nanotechnol ICN2, Campus UAB, Barcelona 08193, Spain; [Liu, Jie; Morales-Narvaez, Eden; Merkoci, Arben] BIST, Campus UAB",Barcelona Inst Sci & Technol CSIC BIST@@Spain || Catalan Inst Nanosci & Nanotechnol ICN2@@Spain || Govt India@@India || King Abdulaziz Univ@@Saudi Arabia || Solapur Univ@@India || BIST@@Spain || Beirut Arab Univ@@Lebanon || Ctr Interuniv Convers Chim Energia Solare SolarCh@@Italy || ESRF European Synchrotron@@France || Free Univ Berlin@@Germany || ICREA@@Spain || Jacobs Univ Bremen@@Germany || Karlsruhe Inst Technol@@Germany || Univ Balamand@@Lebanon || Univ Ferrara@@Italy || Univ Padua@@Italy || Univ Versailles St Quentin Yvelines@@France || BIST@@Spain || CSIC@@Spain || Ctr Invest Opt AC@@Mexico || ICREA@@Spain || South China Agr Univ@@China || Univ Autonoma Barcelona@@Spain
BTG Biomass Technol Grp BV,20,布特格布约姆阿斯斯技术格拉普布维,布特格布约姆阿斯斯技术格拉普布维,Netherlands:20,WOS:20,"[Rasrendra, C. B.; Girisuta, B.; van de Bovenkamp, H. H.; Winkelman, J. G. M.; Heeres, H. J.] Univ Groningen, Dept Chem Engn, NL-9747 AG Groningen, Netherlands; [Leijenhorst, E. J.; Venderbosch, R. H.] BTG Biomass Technol Grp BV, NL-7545 PN Enschede, Netherlands; [Windt, M.; Meier, D.] VTI Inst Wood Technol & Wood Biol, D-2103 Hamburg, Germany","[Leijenhorst, E. J.; Wolters, W.; Van de Beld, L.] BTG Biomass Technol Grp BV, NL-7545 PN Enschede, Netherlands; [Leijenhorst, E. J.; Prins, W.] Univ Ghent, Dept Biosyst Engn, B-9000 Ghent, Belgium","[Ahmadi, Mozhgan; Liliedahl, Truls; Engvall, Klas] KTH Royal Inst Technol Chem Engn & Technol, SE-10044 Stockholm, Sweden; [Knoef, Harrie; Van de Beld, Bert] BTG Biomass Technol Grp BV, NL-7545 Enschede, Netherlands",BTG Biomass Technol Grp BV@@Netherlands || Univ Groningen@@Netherlands || VTI Inst Wood Technol & Wood Biol@@Germany || BTG Biomass Technol Grp BV@@Netherlands || Univ Ghent@@Belgium || BTG Biomass Technol Grp BV@@Netherlands || KTH Royal Inst Technol Chem Engn & Technol@@Sweden
CSIRO Mat Sci & Engn,20,克斯伊尔奥材料科学工程,克斯伊尔奥材料科学工程,Australia:20,WOS:20,"[Brasholz, Malte; von Kaenel, Karin; Hornung, Christian H.; Saubern, Simon; Tsanaktsidis, John] CSIRO Mat Sci & Engn, Clayton, Vic 3168, Australia","[Maniam, Subashani; Holmes, Andrew B.; Krstina, Julia; Collis, Gavin E.] CSIRO Mat Sci & Engn, Flexible Elect Theme, Future Mfg Flagship, Clayton, Vic 3169, Australia; [Holmes, Andrew B.] Univ Melbourne, Sch Chem, Inst Bio21, Melbourne, Vic 3010, Australia; [Leeke, Gary A.] Univ Birmingham, Sch Chem Engn, Birmingham B15 2TT, W Midlands, England","[Maeda, Nobuo; Wells, Darrell; Hartley, Patrick G.] CSIRO Mat Sci & Engn, Clayton, Vic 3168, Australia; [Kozielski, Karen A.] CSIRO Earth Sci & Resource Engn, Ian Wark Lab, Clayton, Vic 3168, Australia",CSIRO Mat Sci & Engn@@Australia || CSIRO Mat Sci & Engn@@Australia || Univ Birmingham@@United Kingdom || Univ Melbourne@@Australia || CSIRO Earth Sci & Resource Engn@@Australia || CSIRO Mat Sci & Engn@@Australia
Fdn Res & Technol Hellas,20,基金会研究技术赫埃勒勒阿斯,基金会研究技术赫埃勒勒阿斯,Greece:20,WOS:44,"Fdn Res & Technol Hellas, Inst Chem Engn & High Temp Chem Proc, Patras 26504, Greece","[Avgouropoulos, G.; Ioannides, T.; Kallitsis, J. K.; Neophytides, S.] Fdn Res & Technol Hellas FORTH, Inst Chem Engn & High Temp Chem Proc ICE HT, GR-26504 Patras, Greece; [Kallitsis, J. K.] Univ Patras, Dept Chem, GR-26504 Patras, Greece; [Kallitsis, J. K.; Neophytides, S.] Advent Technol SA, GR-26504 Patras, Greece","[Avgouropoulos, George; Ioannides, Theophilos] Fdn Res & Technol Hellas, Inst Chem Engn & High Temp Chem Proc FORTH ICE HT, GR-26504 Patras, Greece",Fdn Res & Technol Hellas@@Greece || Advent Technol SA@@Greece || Fdn Res & Technol Hellas FORTH@@Greece || Univ Patras@@Greece || Fdn Res & Technol Hellas@@Greece || Univ London Imperial Coll Sci Technol & Med@@United Kingdom
GE Global Res,20,格埃格勒奥布阿勒研究,格埃格勒奥布阿勒研究,United States:16 | Germany:2 | China:1 | India:1 | Saudi Arabia:1,WOS:24,"[Perry, Robert J.; O'Brien, Michael J.] GE Global Res, Niskayuna, NY 12309 USA","[Petersen, Matthew A.; Grade, Hans] GE Co, GE Global Res Ctr, Niskayuna, NY 12309 USA","[Ku, Anthony Y.; Henderson, Claire S.; Petersen, Matthew A.] GE Global Res, Niskayuna, NY 12309 USA; [Pernitsky, David J.; Sun, Annie Q.] Suncor Energy Inc, Calgary, AB T2P 3E3, Canada",GE Global Res@@United States || GE Co@@United States || GE Global Res@@United States || Suncor Energy Inc@@Canada
Inst Chem & Engn Sci,20,研究所化工与工程科学,研究所化工&工程科学,Singapore:20,WOS:45,"[Khoo, Hsien H.; Sharratt, Paul N.; Bu, Jie; Yeo, Tze Y.; Borgna, Armando; Highfield, James G.] Inst Chem & Engn Sci, Jurong Isl 627833, Singapore; [Bjorklof, Thomas G.; Zevenhoven, Ron] Abo Akad Univ, Thermal & Flow Engn Lab, SF-20500 Turku, Finland","[Bu, Jie; Loh, Gabriel; Gwie, Chuandayani Gunawan; Dewiyanti, Silvia; Tasrif, Michael; Borgna, Armando] Inst Chem & Engn Sci A Star, Singapore 627833, Singapore","[Ghosh, Kaushik; Natarajan, Sathish; Srinivasan, Rajagopalan] Natl Univ Singapore, Dept Chem & Biomol Engn, Singapore 119260, Singapore; [Srinivasan, Rajagopalan] Inst Chem & Engn Sci, Singapore 627833, Singapore",Abo Akad Univ@@Finland || Inst Chem & Engn Sci@@Singapore || Inst Chem & Engn Sci A Star@@Singapore || Inst Chem & Engn Sci@@Singapore || Natl Univ Singapore@@Singapore
MOE,20,姆奥埃,姆奥埃,China:20,WOS:2399 | CSCD:456 | CNKI|CSCD:22 | WOS|CSCD:16 | CNKI:5 | CNKI|WOS|CSCD:2,"Wu Keliu, (Beijing) MOE Key Laboratory of Petroleum Engineering of China Petroleum University, Beijing 102249, China.; Li Xiangfang, (Beijing) MOE Key Laboratory of Petroleum Engineering of China Petroleum University, Beijing 102249, China.; Yan Bicheng, (Beijing) MOE Key Laboratory of Petroleum Engineering of China Petroleum University, Beijing 102249, China.","Liu Ming, MOE Key Laboratory of Petroleum Engineering, (Beijing) China Universityof Petroleum, Beijing 102249, China.; Zhang Shicheng, MOE Key Laboratory of Petroleum Engineering, (Beijing) China Universityof Petroleum, Beijing 102249, China.; Wang Lei, MOE Key Laboratory of Petroleum Engineering, (Beijing) China Universityof Petroleum, Beijing 102249, China.","[Jing, W.; Huiqing, L.; Aihong, K.; Mi, Z.] China Univ Petr, MOE Key Lab Petr Engn, Beijing 102249, Peoples R China; [Rongna, G.] China Univ Petr, Coll Pipeline & Civil Engn, Qingdao, Peoples R China",(Beijing) MOE Key Laboratory of Petroleum Engineering of China Petroleum University@@China || (Beijing) China Universityof Petroleum@@China || China Univ Petr@@China
Nexen Energy ULC,20,恩埃克斯埃恩能源乌勒克,恩埃克斯埃恩能源乌勒克,Canada:20,WOS:20,"[Ahmadloo, F.] Nexen Energy ULC, Calgary, AB T2P 3P7, Canada; [Asghari, K.] Husky Energy Inc, Calgary, AB, Canada; [Henni, A.] Univ Regina, Fac Engn & Appl Sci, Regina, SK S4S 0A2, Canada","[Kurian, Vinoj; Mahapatra, Nirlipt; Alipour, Mehdi; Gupta, Rajender] Univ Alberta, Dept Chem & Mat Engn, Edmonton, AB T6G 2V4, Canada; [Wang, Ben] Huazhong Univ Sci & Technol, State Key Lab Coal Combust, Wuhan 430074, Hubei, Peoples R China; [Martens, Frans] Nexen Energy ULC, Calgary, AB T2P 3P7, Canada","[Mahapatra, N.; Kurian, V.; Wang, B.; Gupta, R.] Univ Alberta, Dept Chem & Mat Engn, Edmonton, AB T6G 2V4, Canada; [Martens, F.] Nexen Energy ULC, Calgary, AB T2P 3P7, Canada",Husky Energy Inc@@Canada || Nexen Energy ULC@@Canada || Univ Regina@@Canada || Huazhong Univ Sci & Technol@@China || Nexen Energy ULC@@Canada || Univ Alberta@@Canada || Nexen Energy ULC@@Canada || Univ Alberta@@Canada
State Ocean Adm,20,国家海洋阿德姆,国家海洋阿德姆,China:20,WOS:21,"[Yao, Z. T.] Hangzhou Dianzi Univ, Coll Mat Sci & Environm Engn, Hangzhou 310018, Peoples R China; [Xia, M. S.; Chen, T.] Zhejiang Univ, Dept Ocean Sci & Engn, Hangzhou 310058, Zhejiang, Peoples R China; [Xia, M. S.] State Ocean Adm, State Key Lab Satellite Ocean Environm Dynam, Inst Oceanog 2, Hangzhou 310012, Zhejiang, Peoples R China; [Sarker, P. K.] Curtin Univ Technol, Dept Civil Engn, Perth, WA 6845, Australia","[Wei, Z.] Chinese Acad Sci, Inst Geol & Geophys, Gansu Prov Key Lab Petr Resources Res, Key Lab Petr Resources, Lanzhou, Peoples R China; [Zou, Y-R; Cai, Y.; Wang, L.; Peng, P.] Chinese Acad Sci, Guangzhou Inst Geochem, State Key Lab Organ Geochem, Guangzhou 510640, GD, Peoples R China; [Tao, W.] State Ocean Adm, South China Sea Branch, Guangzhou, Guangdong, Peoples R China","[Liu, Wei-Nan; Li, Chun-Feng; Zhou, Zuyi] Tongji Univ, State Key Lab Marine Geol, Shanghai 200092, Peoples R China; [Li, Jiabiao] State Ocean Adm, Inst Oceanog 2, Hangzhou 310012, Zhejiang, Peoples R China; [Fairhead, Derek] Getech, Leeds LS8 2LJ, W Yorkshire, England",Curtin Univ Technol@@Australia || Hangzhou Dianzi Univ@@China || State Ocean Adm@@China || Zhejiang Univ@@China || Chinese Acad Sci@@China || State Ocean Adm@@China || Getech@@United Kingdom || State Ocean Adm@@China || Tongji Univ@@China
